Name,Category,Address,Latitude,Longitude,Notes
Premier Inn Birmingham Central (Hagley Road),Hotel,"176-184 Hagley Rd, Birmingham B16 9NY",52.4712,-1.9401,Our hotel
Craven Arms,Pub,"47 Upper Gough St, Birmingham B1 1JL",52.47508,-1.90371,Good Beer Guide. Cobs and pork pies
Old Joint Stock,Pub,"4 Temple Row West, Birmingham B2 5NY",52.48135,-1.90005,Former bank. Full pub menu. Comedy 2.30pm
The Wellington,Pub,"37 Bennetts Hill, Birmingham B2 5SN",52.48063,-1.90053,Good Beer Guide. 27 handpulls. Bring your own food. Comedy 1.45/3/6pm
The Good Intent,Pub,"32-33 Great Western Arcade, Birmingham B2 5HU",52.48187,-1.89739,Good Beer Guide. Craddock's
The Woodman,Pub,"1 Curzon St, Birmingham B4 7XG",52.4817,-1.88677,Good Beer Guide + historic interior
"The Anchor, Digbeth",Pub,"308 Bradford St, Birmingham B5 6ET",52.47449,-1.88846,Good Beer Guide + historic interior
The Queens Arms,Pub,"150 Newhall St, Birmingham B3 1RY",52.48368,-1.90661,Bring your own food
Indian Brewery Taproom,Extra,"1 Mary Ann St, Birmingham B3 1RL",52.48592,-1.90382,Opens 12pm Sat. Pizzas and Indian dishes
Golf Fang Birmingham,Extra,"The Custard Factory, Gibb St, Birmingham B9 4AA",52.47594,-1.88338,Crazy golf bar. Book ahead
Cherry Reds,Comedy venue,"88-92 John Bright St, Birmingham B1 1BN",52.4768,-1.9017,Free festival shows all day
The Victoria,Comedy venue,"48 John Bright St, Birmingham B1 1BN",52.4776,-1.9009,Free shows 2pm and 3.30pm
1000 Trades JQ,Comedy venue,"16 Frederick St, Birmingham B1 3HE",52.4859,-1.9097,Free shows 1pm/3pm/5pm
Craft & Culture,Comedy venue,"70-80 Vyse St, Birmingham B18 6HA",52.4892,-1.9108,Jules O'Brian 7pm
The Glee Club,Comedy venue,"The Arcadian, 70 Hurst St, Birmingham B5 4TD",52.4744,-1.8956,Saturday Night Comedy 7.15pm; Olga Koch 8pm
Birmingham Town Hall,Comedy venue,"Victoria Square, Birmingham B3 3DQ",52.4797,-1.9038,Jason Byrne 7.30pm
Birmingham Museum & Art Gallery,Comedy venue,"Chamberlain Square, Birmingham B3 3DH",52.4808,-1.9032,Tat Vision tours from 11am
The Crescent Theatre,Comedy venue,"Sheepcote St, Birmingham B16 8AE",52.4766,-1.9155,Silent Filter 7.30pm
Old Rep Theatre,Comedy venue,"Station St, Birmingham B5 4DY",52.4761,-1.8967,Neil Delamere 7.30pm
